<keymap version="1" name="Windows copy" parent="$default">
  <action id="BuildArtifact">
    <keyboard-shortcut first-keystroke="shift ctrl alt f9" />
  </action>
  <action id="Scala.ShowImplicits">
    <keyboard-shortcut first-keystroke="shift ctrl alt equals" />
    <keyboard-shortcut first-keystroke="shift ctrl alt add" />
  </action>
  <action id="ScrollPane-scrollDown">
    <mouse-shortcut keystroke="control button142" />
  </action>
  <action id="ScrollPane-scrollUp">
    <mouse-shortcut keystroke="control button143" />
  </action>
</keymap>